Workbook

Sheet Sheet1
E1: MarkSheet
A2: Roll No. | B2: Name | C2: Math | D2: English | E2: Hindi | F2: Social Science | G2: Science | H2: Snscriect | I2: Total | J2: % | K2: Avg | L2: Max | M2: Min | N2: Result
A3: 1 | B3: A | C3: 37 | D3: 69 | E3: 85 | F3: 95 | G3: 100 | H3: 60 | I3: =SUM(C3:H3) -> 446 | J3: =I3/600*100 -> 74.333333 | K3: =AVERAGE(C3:H3) -> 74.333333 | L3: =MAX(C3:H3) -> 100 | M3: =MIN(C3:H3) -> 37 | N3: =IF(M3>=34,"Pass","Fail") -> Pass
A4: 2 | B4: S | C4: 89 | D4: 70 | E4: 36 | F4: 43 | G4: 94 | H4: 47 | I4: =SUM(C4:H4) -> 379 | J4: =I4/600*100 -> 63.166667 | K4: =AVERAGE(C4:H4) -> 63.166667 | L4: =MAX(C4:H4) -> 94 | M4: =MIN(C4:H4) -> 36 | N4: =IF(M4>=34,"Pass","Fail") -> Pass
A5: 3 | B5: D | C5: 45 | D5: 51 | E5: 48 | F5: 76 | G5: 62 | H5: 87 | I5: =SUM(C5:H5) -> 369 | J5: =I5/600*100 -> 61.5 | K5: =AVERAGE(C5:H5) -> 61.5 | L5: =MAX(C5:H5) -> 87 | M5: =MIN(C5:H5) -> 45 | N5: =IF(M5>=33,"Pass","Fail") -> Pass
A6: 4 | B6: F | C6: 79 | D6: 52 | E6: 40 | F6: 48 | G6: 98 | H6: 33 | I6: =SUM(C6:H6) -> 350 | J6: =I6/600*100 -> 58.333333 | K6: =AVERAGE(C6:H6) -> 58.333333 | L6: =MAX(C6:H6) -> 98 | M6: =MIN(C6:H6) -> 33 | N6: =IF(M6>=33,"Pass","Fail") -> Pass
A7: 5 | B7: G | C7: 60 | D7: 86 | E7: 46 | F7: 46 | G7: 47 | H7: 47 | I7: =SUM(C7:H7) -> 332 | J7: =I7/600*100 -> 55.333333 | K7: =AVERAGE(C7:H7) -> 55.333333 | L7: =MAX(C7:H7) -> 86 | M7: =MIN(C7:H7) -> 46 | N7: =IF(M7>=33,"Pass","Fail") -> Pass
A8: 6 | B8: H | C8: 49 | D8: 83 | E8: 56 | F8: 95 | G8: 75 | H8: 75 | I8: =SUM(C8:H8) -> 433 | J8: =I8/600*100 -> 72.166667 | K8: =AVERAGE(C8:H8) -> 72.166667 | L8: =MAX(C8:H8) -> 95 | M8: =MIN(C8:H8) -> 49 | N8: =IF(M8>=33,"Pass","Fail") -> Pass
A9: 7 | B9: J | C9: 79 | D9: 80 | E9: 79 | F9: 84 | G9: 73 | H9: 32 | I9: =SUM(C9:H9) -> 427 | J9: =I9/600*100 -> 71.166667 | K9: =AVERAGE(C9:H9) -> 71.166667 | L9: =MAX(C9:H9) -> 84 | M9: =MIN(C9:H9) -> 32 | N9: =IF(M9>=33,"Pass","Fail") -> Fail
A10: 8 | B10: K | C10: 42 | D10: 53 | E10: 92 | F10: 48 | G10: 80 | H10: 62 | I10: =SUM(C10:H10) -> 377 | J10: =I10/600*100 -> 62.833333 | K10: =AVERAGE(C10:H10) -> 62.833333 | L10: =MAX(C10:H10) -> 92 | M10: =MIN(C10:H10) -> 42 | N10: =IF(M10>=33,"Pass","Fail") -> Pass
A11: 9 | B11: B | C11: 99 | D11: 63 | E11: 80 | F11: 49 | G11: 78 | H11: 85 | I11: =SUM(C11:H11) -> 454 | J11: =I11/600*100 -> 75.666667 | K11: =AVERAGE(C11:H11) -> 75.666667 | L11: =MAX(C11:H11) -> 99 | M11: =MIN(C11:H11) -> 49 | N11: =IF(M11>=33,"Pass","Fail") -> Pass
A12: 10 | B12: V | C12: 39 | D12: 91 | E12: 41 | F12: 86 | G12: 37 | H12: 57 | I12: =SUM(C12:H12) -> 351 | J12: =I12/600*100 -> 58.5 | K12: =AVERAGE(C12:H12) -> 58.5 | L12: =MAX(C12:H12) -> 91 | M12: =MIN(C12:H12) -> 37 | N12: =IF(M12>=33,"Pass","Fail") -> Pass
A13: 11 | B13: M | C13: 91 | D13: 81 | E13: 58 | F13: 37 | G13: 49 | H13: 66 | I13: =SUM(C13:H13) -> 382 | J13: =I13/600*100 -> 63.666667 | K13: =AVERAGE(C13:H13) -> 63.666667 | L13: =MAX(C13:H13) -> 91 | M13: =MIN(C13:H13) -> 37 | N13: =IF(M13>=33,"Pass","Fail") -> Pass
A14: 12 | B14: N | C14: 74 | D14: 65 | E14: 81 | F14: 54 | G14: 59 | H14: 35 | I14: =SUM(C14:H14) -> 368 | J14: =I14/600*100 -> 61.333333 | K14: =AVERAGE(C14:H14) -> 61.333333 | L14: =MAX(C14:H14) -> 81 | M14: =MIN(C14:H14) -> 35 | N14: =IF(M14>=33,"Pass","Fail") -> Pass
A15: 13 | B15: Y | C15: 72 | D15: 81 | E15: 60 | F15: 64 | G15: 52 | H15: 98 | I15: =SUM(C15:H15) -> 427 | J15: =I15/600*100 -> 71.166667 | K15: =AVERAGE(C15:H15) -> 71.166667 | L15: =MAX(C15:H15) -> 98 | M15: =MIN(C15:H15) -> 52 | N15: =IF(M15>=33,"Pass","Fail") -> Pass
A16: 14 | B16: T | C16: 92 | D16: 65 | E16: 71 | F16: 59 | G16: 92 | H16: 32 | I16: =SUM(C16:H16) -> 411 | J16: =I16/600*100 -> 68.5 | K16: =AVERAGE(C16:H16) -> 68.5 | L16: =MAX(C16:H16) -> 92 | M16: =MIN(C16:H16) -> 32 | N16: =IF(M16>=33,"Pass","Fail") -> Fail
A17: 15 | B17: R | C17: 69 | D17: 82 | E17: 69 | F17: 47 | G17: 45 | H17: 32 | I17: =SUM(C17:H17) -> 344 | J17: =I17/600*100 -> 57.333333 | K17: =AVERAGE(C17:H17) -> 57.333333 | L17: =MAX(C17:H17) -> 82 | M17: =MIN(C17:H17) -> 32 | N17: =IF(M17>=33,"Pass","Fail") -> Fail

Sheet Analysis
A2: Pass | B2: =COUNTIF(Sheet1!N3:N17,"pass") -> 12
A3: Fail | B3: =COUNTIF(Sheet1!N3:N17,"Fail") -> 3

Sheet Dashbords
A1: Student Performance Dashboard
A3: Total Students | B3: =COUNTA(Sheet1!B2:B16) -> 15 | D3: Pass % | E3: =B5/B3 -> 0.8
A5: Pass Students | B5: =COUNTIF(Sheet1!N3:N17,"pass") -> 12 | D5: Topper Name | E5: =INDEX(Sheet1!B2:B16,MATCH(MAX(Sheet1!I2:I16),Sheet1!I2:I16,0)) -> B
A7: Fail Students | B7: =COUNTIF(Sheet1!N3:N17,"fail") -> 3 | D7: Highest Marks | E7: =MAX(Sheet1!I2:I16) -> 454
A9: Best Subject | B9: English | D9: Weakest Subject | E9: Sanskrit
A10: Subject | B10: Average
A11: Math | B11: =AVERAGE(Sheet1!C2:C16) -> 67.642857
A12: English | B12: =AVERAGE(Sheet1!D2:D16) -> 70.714286
A13: Hindi | B13: =AVERAGE(Sheet1!E3:E17) -> 62.8
A14: Social Science | B14: =AVERAGE(Sheet1!F3:F17) -> 62.066667
A15: Science | B15: =AVERAGE(Sheet1!G3:G17) -> 69.4
A16: Sanskrit | B16: =AVERAGE(Sheet1!H3:H17) -> 56.533333
